{"rf_train": {"dataset size": 3000, "positive rate": 0.20733333333333334, "accuracy": 0.928, "f1": 0.7992565055762082, "precision": 0.947136563876652, "recall": 0.6913183279742765, "auc": 0.9794394084033977}, "rf_test": {"dataset size": 7000, "positive rate": 0.20214285714285715, "accuracy": 0.8535714285714285, "f1": 0.5470614228899691, "precision": 0.7299528301886793, "recall": 0.43745583038869257, "auc": 0.8261434749186205}, "gb_train": {"dataset size": 3000, "positive rate": 0.20733333333333334, "accuracy": 0.9566666666666667, "f1": 0.8835125448028673, "precision": 0.9979757085020243, "recall": 0.792604501607717, "auc": 0.997356867209874}, "gb_test": {"dataset size": 7000, "positive rate": 0.20214285714285715, "accuracy": 0.8442857142857143, "f1": 0.4995408631772268, "precision": 0.7129750982961992, "recall": 0.384452296819788, "auc": 0.7892590261015909}, "final_model": "rf"}